{"drug1.conc":{"0":0.0,"1":0.0,"2":0.0,"3":0.0,"4":0.0,"5":0.0034999781,"6":0.0034999781,"7":0.0034999781,"8":0.0034999781,"9":0.0034999781,"10":0.0107999323,"11":0.0107999323,"12":0.0107999323,"13":0.0107999323,"14":0.0107999323,"15":0.0324997964,"16":0.0324997964,"17":0.0324997964,"18":0.0324997964,"19":0.0324997964,"20":0.0999993736,"21":0.0999993736,"22":0.0999993736,"23":0.0999993736,"24":0.0999993736},"drug2.conc":{"0":0.0,"1":0.0034999781,"2":0.0107999323,"3":0.0324997964,"4":0.0999993736,"5":0.0,"6":0.0034999781,"7":0.0107999323,"8":0.0324997964,"9":0.0999993736,"10":0.0,"11":0.0034999781,"12":0.0107999323,"13":0.0324997964,"14":0.0999993736,"15":0.0,"16":0.0034999781,"17":0.0107999323,"18":0.0324997964,"19":0.0999993736,"20":0.0,"21":0.0034999781,"22":0.0107999323,"23":0.0324997964,"24":0.0999993736},"effect":{"0":1.0,"1":1.0199237053,"2":1.0095704087,"3":0.9992974597,"4":0.9886058271,"5":1.0175288392,"6":0.970809044,"7":1.1234990634,"8":1.0434236253,"9":0.9192864197,"10":0.9758913128,"11":1.0286361728,"12":1.0074099014,"13":0.816445447,"14":0.8636338441,"15":0.8494941255,"16":0.81444914,"17":0.7923071836,"18":0.6958974283,"19":0.636525906,"20":0.6029285279,"21":0.5434096497,"22":0.4961156428,"23":0.5425206623,"24":0.5479903688}}