{
  "drug1.conc": {
    "0": 0.0,
    "1": 0.0,
    "2": 0.0,
    "3": 0.0,
    "4": 0.0,
    "5": 0.0,
    "6": 1.0,
    "7": 1.0,
    "8": 1.0,
    "9": 1.0,
    "10": 1.0,
    "11": 1.0,
    "12": 0.333333333,
    "13": 0.333333333,
    "14": 0.333333333,
    "15": 0.333333333,
    "16": 0.333333333,
    "17": 0.333333333,
    "18": 0.111111111,
    "19": 0.111111111,
    "20": 0.111111111,
    "21": 0.111111111,
    "22": 0.111111111,
    "23": 0.111111111,
    "24": 0.037037037,
    "25": 0.037037037,
    "26": 0.037037037,
    "27": 0.037037037,
    "28": 0.037037037,
    "29": 0.037037037,
    "30": 0.012345679,
    "31": 0.012345679,
    "32": 0.012345679,
    "33": 0.012345679,
    "34": 0.012345679,
    "35": 0.012345679,
    "36": 0.004115226,
    "37": 0.004115226,
    "38": 0.004115226,
    "39": 0.004115226,
    "40": 0.004115226,
    "41": 0.004115226,
    "42": 0.001371742,
    "43": 0.001371742,
    "44": 0.001371742,
    "45": 0.001371742,
    "46": 0.001371742,
    "47": 0.001371742,
    "48": 0.000457247,
    "49": 0.000457247,
    "50": 0.000457247,
    "51": 0.000457247,
    "52": 0.000457247,
    "53": 0.000457247,
    "54": 0.000152416,
    "55": 0.000152416,
    "56": 0.000152416,
    "57": 0.000152416,
    "58": 0.000152416,
    "59": 0.000152416
  },
  "drug2.conc": {
    "0": 0.0,
    "1": 0.1,
    "2": 0.025,
    "3": 0.00625,
    "4": 0.0015625,
    "5": 0.000390625,
    "6": 0.0,
    "7": 0.1,
    "8": 0.025,
    "9": 0.00625,
    "10": 0.0015625,
    "11": 0.000390625,
    "12": 0.0,
    "13": 0.1,
    "14": 0.025,
    "15": 0.00625,
    "16": 0.0015625,
    "17": 0.000390625,
    "18": 0.0,
    "19": 0.1,
    "20": 0.025,
    "21": 0.00625,
    "22": 0.0015625,
    "23": 0.000390625,
    "24": 0.0,
    "25": 0.1,
    "26": 0.025,
    "27": 0.00625,
    "28": 0.0015625,
    "29": 0.000390625,
    "30": 0.0,
    "31": 0.1,
    "32": 0.025,
    "33": 0.00625,
    "34": 0.0015625,
    "35": 0.000390625,
    "36": 0.0,
    "37": 0.1,
    "38": 0.025,
    "39": 0.00625,
    "40": 0.0015625,
    "41": 0.000390625,
    "42": 0.0,
    "43": 0.1,
    "44": 0.025,
    "45": 0.00625,
    "46": 0.0015625,
    "47": 0.000390625,
    "48": 0.0,
    "49": 0.1,
    "50": 0.025,
    "51": 0.00625,
    "52": 0.0015625,
    "53": 0.000390625,
    "54": 0.0,
    "55": 0.1,
    "56": 0.025,
    "57": 0.00625,
    "58": 0.0015625,
    "59": 0.000390625
  },
  "effect": {
    "0": 1.0,
    "1": 0.218704713,
    "2": 0.764867075,
    "3": 0.85629223,
    "4": 0.884496749,
    "5": 0.858881241,
    "6": 0.029046224,
    "7": 0.009063413,
    "8": 0.016727028,
    "9": 0.025827974,
    "10": 0.03388347,
    "11": 0.031770822,
    "12": 0.06094691,
    "13": 0.014943604,
    "14": 0.031824503,
    "15": 0.048778947,
    "16": 0.065857473,
    "17": 0.073116298,
    "18": 0.138321487,
    "19": 0.025563671,
    "20": 0.050598258,
    "21": 0.095430386,
    "22": 0.13998916,
    "23": 0.157991523,
    "24": 0.530611954,
    "25": 0.041449215,
    "26": 0.086906524,
    "27": 0.200008257,
    "28": 0.451503887,
    "29": 0.621460808,
    "30": 0.780382836,
    "31": 0.063814389,
    "32": 0.150217595,
    "33": 0.60159275,
    "34": 0.932167517,
    "35": 0.978086205,
    "36": 0.794800471,
    "37": 0.105505288,
    "38": 0.355956968,
    "39": 0.937662313,
    "40": 0.983299331,
    "41": 1.0,
    "42": 0.77958532,
    "43": 0.173128662,
    "44": 0.808207494,
    "45": 0.977631438,
    "46": 0.982388681,
    "47": 0.98473662,
    "48": 0.775822624,
    "49": 0.283108345,
    "50": 0.881579602,
    "51": 0.943050069,
    "52": 0.942882057,
    "53": 0.969391134,
    "54": 0.740868829,
    "55": 0.319030829,
    "56": 0.862591976,
    "57": 0.935331202,
    "58": 0.935743,
    "59": 0.937530191
  },
  "drug1.name": {
    "0": "Bini",
    "1": "Bini",
    "2": "Bini",
    "3": "Bini",
    "4": "Bini",
    "5": "Bini",
    "6": "Bini",
    "7": "Bini",
    "8": "Bini",
    "9": "Bini",
    "10": "Bini",
    "11": "Bini",
    "12": "Bini",
    "13": "Bini",
    "14": "Bini",
    "15": "Bini",
    "16": "Bini",
    "17": "Bini",
    "18": "Bini",
    "19": "Bini",
    "20": "Bini",
    "21": "Bini",
    "22": "Bini",
    "23": "Bini",
    "24": "Bini",
    "25": "Bini",
    "26": "Bini",
    "27": "Bini",
    "28": "Bini",
    "29": "Bini",
    "30": "Bini",
    "31": "Bini",
    "32": "Bini",
    "33": "Bini",
    "34": "Bini",
    "35": "Bini",
    "36": "Bini",
    "37": "Bini",
    "38": "Bini",
    "39": "Bini",
    "40": "Bini",
    "41": "Bini",
    "42": "Bini",
    "43": "Bini",
    "44": "Bini",
    "45": "Bini",
    "46": "Bini",
    "47": "Bini",
    "48": "Bini",
    "49": "Bini",
    "50": "Bini",
    "51": "Bini",
    "52": "Bini",
    "53": "Bini",
    "54": "Bini",
    "55": "Bini",
    "56": "Bini",
    "57": "Bini",
    "58": "Bini",
    "59": "Bini"
  },
  "drug2.name": {
    "0": "FT002787",
    "1": "FT002787",
    "2": "FT002787",
    "3": "FT002787",
    "4": "FT002787",
    "5": "FT002787",
    "6": "FT002787",
    "7": "FT002787",
    "8": "FT002787",
    "9": "FT002787",
    "10": "FT002787",
    "11": "FT002787",
    "12": "FT002787",
    "13": "FT002787",
    "14": "FT002787",
    "15": "FT002787",
    "16": "FT002787",
    "17": "FT002787",
    "18": "FT002787",
    "19": "FT002787",
    "20": "FT002787",
    "21": "FT002787",
    "22": "FT002787",
    "23": "FT002787",
    "24": "FT002787",
    "25": "FT002787",
    "26": "FT002787",
    "27": "FT002787",
    "28": "FT002787",
    "29": "FT002787",
    "30": "FT002787",
    "31": "FT002787",
    "32": "FT002787",
    "33": "FT002787",
    "34": "FT002787",
    "35": "FT002787",
    "36": "FT002787",
    "37": "FT002787",
    "38": "FT002787",
    "39": "FT002787",
    "40": "FT002787",
    "41": "FT002787",
    "42": "FT002787",
    "43": "FT002787",
    "44": "FT002787",
    "45": "FT002787",
    "46": "FT002787",
    "47": "FT002787",
    "48": "FT002787",
    "49": "FT002787",
    "50": "FT002787",
    "51": "FT002787",
    "52": "FT002787",
    "53": "FT002787",
    "54": "FT002787",
    "55": "FT002787",
    "56": "FT002787",
    "57": "FT002787",
    "58": "FT002787",
    "59": "FT002787"
  }
}
