{"drug1.conc":{"0":0.0,"1":0.0,"2":0.0,"3":0.0,"4":0.0,"5":0.0,"6":0.000152416,"7":0.000152416,"8":0.000152416,"9":0.000152416,"10":0.000152416,"11":0.000152416,"12":0.000457247,"13":0.000457247,"14":0.000457247,"15":0.000457247,"16":0.000457247,"17":0.000457247,"18":0.001371742,"19":0.001371742,"20":0.001371742,"21":0.001371742,"22":0.001371742,"23":0.001371742,"24":0.004115226,"25":0.004115226,"26":0.004115226,"27":0.004115226,"28":0.004115226,"29":0.004115226,"30":0.012345679,"31":0.012345679,"32":0.012345679,"33":0.012345679,"34":0.012345679,"35":0.012345679,"36":0.037037037,"37":0.037037037,"38":0.037037037,"39":0.037037037,"40":0.037037037,"41":0.037037037,"42":0.111111111,"43":0.111111111,"44":0.111111111,"45":0.111111111,"46":0.111111111,"47":0.111111111,"48":0.333333333,"49":0.333333333,"50":0.333333333,"51":0.333333333,"52":0.333333333,"53":0.333333333,"54":1.0,"55":1.0,"56":1.0,"57":1.0,"58":1.0,"59":1.0},"drug2.conc":{"0":0.0,"1":0.000617284,"2":0.001851852,"3":0.005555556,"4":0.016666667,"5":0.05,"6":0.0,"7":0.000617284,"8":0.001851852,"9":0.005555556,"10":0.016666667,"11":0.05,"12":0.0,"13":0.000617284,"14":0.001851852,"15":0.005555556,"16":0.016666667,"17":0.05,"18":0.0,"19":0.000617284,"20":0.001851852,"21":0.005555556,"22":0.016666667,"23":0.05,"24":0.0,"25":0.000617284,"26":0.001851852,"27":0.005555556,"28":0.016666667,"29":0.05,"30":0.0,"31":0.000617284,"32":0.001851852,"33":0.005555556,"34":0.016666667,"35":0.05,"36":0.0,"37":0.000617284,"38":0.001851852,"39":0.005555556,"40":0.016666667,"41":0.05,"42":0.0,"43":0.000617284,"44":0.001851852,"45":0.005555556,"46":0.016666667,"47":0.05,"48":0.0,"49":0.000617284,"50":0.001851852,"51":0.005555556,"52":0.016666667,"53":0.05,"54":0.0,"55":0.000617284,"56":0.001851852,"57":0.005555556,"58":0.016666667,"59":0.05},"effect":{"0":0.597690996,"1":0.823353182,"2":0.668585689,"3":0.454085541,"4":0.16651018,"5":0.069826053,"6":0.583038891,"7":0.885278711,"8":0.667430569,"9":0.555686648,"10":0.209404032,"11":0.050825262,"12":0.638546402,"13":0.801659172,"14":0.73379744,"15":0.520353578,"16":0.189785531,"17":0.062042894,"18":0.711757511,"19":0.876315724,"20":0.704487053,"21":0.626210714,"22":0.324378583,"23":0.076627051,"24":0.726094584,"25":0.892141481,"26":0.777173107,"27":0.637465408,"28":0.269661741,"29":0.069523374,"30":0.689390196,"31":0.91381696,"32":0.769952066,"33":0.745478355,"34":0.21071358,"35":0.063068294,"36":0.626803716,"37":0.78580253,"38":0.857759686,"39":0.442151364,"40":0.141931459,"41":0.044413422,"42":0.330654527,"43":0.374264924,"44":0.364122109,"45":0.16223562,"46":0.069183633,"47":0.033103133,"48":0.108488585,"49":0.135093398,"50":0.10123048,"51":0.055346907,"52":0.037538298,"53":0.025060536,"54":0.045426468,"55":0.042393507,"56":0.040688624,"57":0.03037285,"58":0.025795612,"59":0.021934918}}