{"drug2.conc":{"0":0.0,"1":50.0,"2":16.6666666667,"3":5.5555555556,"4":1.8518518519,"5":0.6172839506,"6":0.0,"7":50.0,"8":16.6666666667,"9":5.5555555556,"10":1.8518518519,"11":0.6172839506,"12":0.0,"13":50.0,"14":16.6666666667,"15":5.5555555556,"16":1.8518518519,"17":0.6172839506,"18":0.0,"19":50.0,"20":16.6666666667,"21":5.5555555556,"22":1.8518518519,"23":0.6172839506,"24":0.0,"25":50.0,"26":16.6666666667,"27":5.5555555556,"28":1.8518518519,"29":0.6172839506,"30":0.0,"31":50.0,"32":16.6666666667,"33":5.5555555556,"34":1.8518518519,"35":0.6172839506,"36":0.0,"37":50.0,"38":16.6666666667,"39":5.5555555556,"40":1.8518518519,"41":0.6172839506,"42":0.0,"43":50.0,"44":16.6666666667,"45":5.5555555556,"46":1.8518518519,"47":0.6172839506,"48":0.0,"49":50.0,"50":16.6666666667,"51":5.5555555556,"52":1.8518518519,"53":0.6172839506,"54":0.0,"55":50.0,"56":16.6666666667,"57":5.5555555556,"58":1.8518518519,"59":0.6172839506},"drug1.conc":{"0":0.0,"1":0.0,"2":0.0,"3":0.0,"4":0.0,"5":0.0,"6":1000.0,"7":1000.0,"8":1000.0,"9":1000.0,"10":1000.0,"11":1000.0,"12":333.3333333333,"13":333.3333333333,"14":333.3333333333,"15":333.3333333333,"16":333.3333333333,"17":333.3333333333,"18":111.1111111111,"19":111.1111111111,"20":111.1111111111,"21":111.1111111111,"22":111.1111111111,"23":111.1111111111,"24":37.037037037,"25":37.037037037,"26":37.037037037,"27":37.037037037,"28":37.037037037,"29":37.037037037,"30":12.3456790123,"31":12.3456790123,"32":12.3456790123,"33":12.3456790123,"34":12.3456790123,"35":12.3456790123,"36":4.1152263374,"37":4.1152263374,"38":4.1152263374,"39":4.1152263374,"40":4.1152263374,"41":4.1152263374,"42":1.3717421125,"43":1.3717421125,"44":1.3717421125,"45":1.3717421125,"46":1.3717421125,"47":1.3717421125,"48":0.4572473708,"49":0.4572473708,"50":0.4572473708,"51":0.4572473708,"52":0.4572473708,"53":0.4572473708,"54":0.1524157903,"55":0.1524157903,"56":0.1524157903,"57":0.1524157903,"58":0.1524157903,"59":0.1524157903},"effect":{"0":1.0370883282,"1":0.1479638205,"2":0.3501319946,"3":0.8241225603,"4":1.0762323106,"5":1.4514216471,"6":0.0733543948,"7":0.0370883282,"8":0.0420002597,"9":0.049703553,"10":0.0672739862,"11":0.0775738954,"12":0.1815683559,"13":0.0441857446,"14":0.0669494093,"15":0.0998615138,"16":0.1865884797,"17":0.2856060934,"18":0.5702384559,"19":0.0548751461,"20":0.1145756697,"21":0.2876617475,"22":0.6045137837,"23":0.6799238326,"24":1.062556801,"25":0.0725970485,"26":0.2696369066,"27":0.6863937335,"28":1.6523347903,"29":1.4031462327,"30":1.1496732592,"31":0.1144458389,"32":0.4082312719,"33":1.5733543948,"34":1.2606353053,"35":1.589713074,"36":1.2530402043,"37":0.1225386247,"38":0.4588436405,"39":1.0992339984,"40":1.3170684208,"41":1.373674644,"42":1.2433245337,"43":0.131172372,"44":0.705002813,"45":1.0315056044,"46":1.1474012204,"47":1.4729519193,"48":1.1289652486,"49":0.1064612455,"50":0.3345090232,"51":0.8634612888,"52":1.2742458995,"53":1.325788722,"54":0.9304106981,"55":0.0821828883,"56":0.3131734972,"57":0.8593067036,"58":1.1246591942,"59":1.4638854027}}